-- phpMyAdmin SQL Dump
-- version 5.2.1
-- https://www.phpmyadmin.net/
--
-- Host: 127.0.0.1
-- Generation Time: Aug 05, 2025 at 05:28 PM
-- Server version: 10.4.32-MariaDB
-- PHP Version: 8.2.12

SET SQL_MODE = "NO_AUTO_VALUE_ON_ZERO";
START TRANSACTION;
SET time_zone = "+00:00";


/*!40101 SET @OLD_CHARACTER_SET_CLIENT=@@CHARACTER_SET_CLIENT */;
/*!40101 SET @OLD_CHARACTER_SET_RESULTS=@@CHARACTER_SET_RESULTS */;
/*!40101 SET @OLD_COLLATION_CONNECTION=@@COLLATION_CONNECTION */;
/*!40101 SET NAMES utf8mb4 */;

--
-- Database: `1m1b_project`
--

-- --------------------------------------------------------

--
-- Table structure for table `pass`
--

CREATE TABLE `pass` (
  `pass` int(11) NOT NULL
) ENGINE=InnoDB DEFAULT CHARSET=utf8mb4 COLLATE=utf8mb4_general_ci;

--
-- Dumping data for table `pass`
--

INSERT INTO `pass` (`pass`) VALUES
(619),
(512000),
(512001),
(512002),
(512003);

-- --------------------------------------------------------

--
-- Table structure for table `record`
--

CREATE TABLE `record` (
  `pass` int(10) NOT NULL,
  `record_dat` date DEFAULT NULL,
  `total` int(4) DEFAULT NULL,
  `data_json` longtext CHARACTER SET utf8mb4 COLLATE utf8mb4_bin DEFAULT NULL CHECK (json_valid(`data_json`))
) ENGINE=InnoDB DEFAULT CHARSET=utf8mb4 COLLATE=utf8mb4_general_ci;

--
-- Dumping data for table `record`
--

INSERT INTO `record` (`pass`, `record_dat`, `total`, `data_json`) VALUES
(619, '2025-08-02', 3, '{\"a\":\"3\",\"aa\":\"0\",\"b\":\"0\",\"c\":\"0\",\"d\":\"0\",\"e\":\"0\",\"f\":\"0\",\"g\":\"0\",\"h\":\"0\",\"i\":\"0\",\"j\":\"0\",\"k\":\"0\",\"l\":\"0\",\"m\":\"0\",\"n\":\"0\"}'),
(619, '2025-08-02', 3, '{\"a\":\"3\",\"aa\":\"0\",\"b\":\"0\",\"c\":\"0\",\"d\":\"0\",\"e\":\"0\",\"f\":\"0\",\"g\":\"0\",\"h\":\"0\",\"i\":\"0\",\"j\":\"0\",\"k\":\"0\",\"l\":\"0\",\"m\":\"0\",\"n\":\"0\"}'),
(619, '2025-08-02', 3, '{\"a\":\"3\",\"aa\":\"0\",\"b\":\"0\",\"c\":\"0\",\"d\":\"0\",\"e\":\"0\",\"f\":\"0\",\"g\":\"0\",\"h\":\"0\",\"i\":\"0\",\"j\":\"0\",\"k\":\"0\",\"l\":\"0\",\"m\":\"0\",\"n\":\"0\"}'),
(512000, '2025-08-02', 75, '{\"a\":\"5\",\"aa\":\"4\",\"b\":\"7\",\"c\":\"3\",\"d\":\"10\",\"e\":\"10\",\"f\":\"2\",\"g\":\"10\",\"h\":\"5\",\"i\":\"3\",\"j\":\"9\",\"k\":\"1\",\"l\":\"1\",\"m\":\"2\",\"n\":\"3\"}'),
(619, '2025-08-02', 0, '{\"a\":\"0\",\"aa\":\"0\",\"b\":\"0\",\"c\":\"0\",\"d\":\"0\",\"e\":\"0\",\"f\":\"0\",\"g\":\"0\",\"h\":\"0\",\"i\":\"0\",\"j\":\"0\",\"k\":\"0\",\"l\":\"0\",\"m\":\"0\",\"n\":\"0\"}'),
(619, '2025-08-02', 0, '{\"a\":\"0\",\"aa\":\"0\",\"b\":\"0\",\"c\":\"0\",\"d\":\"0\",\"e\":\"0\",\"f\":\"0\",\"g\":\"0\",\"h\":\"0\",\"i\":\"0\",\"j\":\"0\",\"k\":\"0\",\"l\":\"0\",\"m\":\"0\",\"n\":\"0\"}'),
(619, '2025-08-02', 0, '{\"a\":\"0\",\"aa\":\"0\",\"b\":\"0\",\"c\":\"0\",\"d\":\"0\",\"e\":\"0\",\"f\":\"0\",\"g\":\"0\",\"h\":\"0\",\"i\":\"0\",\"j\":\"0\",\"k\":\"0\",\"l\":\"0\",\"m\":\"0\",\"n\":\"0\"}'),
(619, '2025-08-02', 0, '{\"a\":\"0\",\"aa\":\"0\",\"b\":\"0\",\"c\":\"0\",\"d\":\"0\",\"e\":\"0\",\"f\":\"0\",\"g\":\"0\",\"h\":\"0\",\"i\":\"0\",\"j\":\"0\",\"k\":\"0\",\"l\":\"0\",\"m\":\"0\",\"n\":\"0\"}'),
(619, '2025-08-02', 0, '{\"a\":\"0\",\"aa\":\"0\",\"b\":\"0\",\"c\":\"0\",\"d\":\"0\",\"e\":\"0\",\"f\":\"0\",\"g\":\"0\",\"h\":\"0\",\"i\":\"0\",\"j\":\"0\",\"k\":\"0\",\"l\":\"0\",\"m\":\"0\",\"n\":\"0\"}'),
(619, '2025-08-02', 0, '{\"a\":\"0\",\"aa\":\"0\",\"b\":\"0\",\"c\":\"0\",\"d\":\"0\",\"e\":\"0\",\"f\":\"0\",\"g\":\"0\",\"h\":\"0\",\"i\":\"0\",\"j\":\"0\",\"k\":\"0\",\"l\":\"0\",\"m\":\"0\",\"n\":\"0\"}'),
(619, '2025-08-02', 0, '{\"a\":\"0\",\"aa\":\"0\",\"b\":\"0\",\"c\":\"0\",\"d\":\"0\",\"e\":\"0\",\"f\":\"0\",\"g\":\"0\",\"h\":\"0\",\"i\":\"0\",\"j\":\"0\",\"k\":\"0\",\"l\":\"0\",\"m\":\"0\",\"n\":\"0\"}'),
(619, '2025-08-02', 0, '{\"a\":\"0\",\"aa\":\"0\",\"b\":\"0\",\"c\":\"0\",\"d\":\"0\",\"e\":\"0\",\"f\":\"0\",\"g\":\"0\",\"h\":\"0\",\"i\":\"0\",\"j\":\"0\",\"k\":\"0\",\"l\":\"0\",\"m\":\"0\",\"n\":\"0\"}'),
(619, '2025-08-02', 0, '{\"a\":\"0\",\"aa\":\"0\",\"b\":\"0\",\"c\":\"0\",\"d\":\"0\",\"e\":\"0\",\"f\":\"0\",\"g\":\"0\",\"h\":\"0\",\"i\":\"0\",\"j\":\"0\",\"k\":\"0\",\"l\":\"0\",\"m\":\"0\",\"n\":\"0\"}'),
(619, '2025-08-02', 0, '{\"a\":\"0\",\"aa\":\"0\",\"b\":\"0\",\"c\":\"0\",\"d\":\"0\",\"e\":\"0\",\"f\":\"0\",\"g\":\"0\",\"h\":\"0\",\"i\":\"0\",\"j\":\"0\",\"k\":\"0\",\"l\":\"0\",\"m\":\"0\",\"n\":\"0\"}'),
(512003, '2025-08-02', 95, '{\"a\":\"4\",\"aa\":\"8\",\"b\":\"8\",\"c\":\"9\",\"d\":\"2\",\"e\":\"7\",\"f\":\"10\",\"g\":\"8\",\"h\":\"4\",\"i\":\"5\",\"j\":\"7\",\"k\":\"6\",\"l\":\"2\",\"m\":\"5\",\"n\":\"10\"}'),
(619, '2025-08-03', 0, '{\"a\":\"0\",\"aa\":\"0\",\"b\":\"0\",\"c\":\"0\",\"d\":\"0\",\"e\":\"0\",\"f\":\"0\",\"g\":\"0\",\"h\":\"0\",\"i\":\"0\",\"j\":\"0\",\"k\":\"0\",\"l\":\"0\",\"m\":\"0\",\"n\":\"0\"}'),
(619, '2025-08-03', 0, '{\"a\":\"0\",\"aa\":\"0\",\"b\":\"0\",\"c\":\"0\",\"d\":\"0\",\"e\":\"0\",\"f\":\"0\",\"g\":\"0\",\"h\":\"0\",\"i\":\"0\",\"j\":\"0\",\"k\":\"0\",\"l\":\"0\",\"m\":\"0\",\"n\":\"0\"}'),
(619, '2025-08-03', 6, '{\"a\":\"0\",\"aa\":\"0\",\"b\":\"0\",\"c\":\"0\",\"d\":\"0\",\"e\":\"0\",\"f\":\"0\",\"g\":\"0\",\"h\":\"0\",\"i\":\"0\",\"j\":\"0\",\"k\":\"0\",\"l\":\"0\",\"m\":\"0\",\"n\":\"6\"}'),
(619, '2025-08-05', 150, '{\"a\":\"10\",\"aa\":\"10\",\"b\":\"10\",\"c\":\"10\",\"d\":\"10\",\"e\":\"10\",\"f\":\"10\",\"g\":\"10\",\"h\":\"10\",\"i\":\"10\",\"j\":\"10\",\"k\":\"10\",\"l\":\"10\",\"m\":\"10\",\"n\":\"10\"}');

-- --------------------------------------------------------

--
-- Table structure for table `user_info`
--

CREATE TABLE `user_info` (
  `pass` int(11) NOT NULL,
  `name` char(45) DEFAULT NULL,
  `age` int(11) DEFAULT NULL
) ENGINE=InnoDB DEFAULT CHARSET=utf8mb4 COLLATE=utf8mb4_general_ci;

--
-- Dumping data for table `user_info`
--

INSERT INTO `user_info` (`pass`, `name`, `age`) VALUES
(512000, 'Subhra', 20),
(512001, 'Surit Dey', 19),
(512002, 'Soumili', 20),
(512003, 'Rimpa Mukherjee', 20);

--
-- Triggers `user_info`
--
DELIMITER $$
CREATE TRIGGER `copy` AFTER INSERT ON `user_info` FOR EACH ROW BEGIN
  INSERT INTO pass (pass)
  VALUES (NEW.pass); -- ✅ Only sets the `pass` column
END
$$
DELIMITER ;

--
-- Indexes for dumped tables
--

--
-- Indexes for table `pass`
--
ALTER TABLE `pass`
  ADD PRIMARY KEY (`pass`);

--
-- Indexes for table `user_info`
--
ALTER TABLE `user_info`
  ADD PRIMARY KEY (`pass`);
COMMIT;

/*!40101 SET CHARACTER_SET_CLIENT=@OLD_CHARACTER_SET_CLIENT */;
/*!40101 SET CHARACTER_SET_RESULTS=@OLD_CHARACTER_SET_RESULTS */;
/*!40101 SET COLLATION_CONNECTION=@OLD_COLLATION_CONNECTION */;
